year,per capita income (US$)
2000,24719.392589963274
3000,853184.4678126739
1000,-803745.6826327471
1800,-140973.62245457876
1900,-58127.11493230774
2010,33004.04334219056
2020,41288.69409441762
2040,57857.99559887173
2050,66142.64635109878
